{"total_cpu_time (seconds)": 6.386367716999982, "total_cpu_memory (MB)": 17864.672524, "execution_time (seconds/batch)": 2.5585448130704154, "num_batches": 3, "batch_size": 512, "device": "cpu", "throughput_bps": 32850673.386929967, "sample_persec": 200.11375113870594, "result_path": "result-partition-25MB/", "data_path": "25MB/2.pt"}