{"total_cpu_time (seconds)": 6.894288456999998, "total_cpu_memory (MB)": 17864.672524, "execution_time (seconds/batch)": 2.7620310563255077, "num_batches": 3, "batch_size": 512, "device": "cpu", "throughput_bps": 30430476.08299399, "sample_persec": 185.37083383890104, "result_path": "result-partition-25MB/", "data_path": "25MB/202.pt"}