{"total_cpu_time (seconds)": 6.903922286999972, "total_cpu_memory (MB)": 17864.672524, "execution_time (seconds/batch)": 2.7658906188920076, "num_batches": 3, "batch_size": 512, "device": "cpu", "throughput_bps": 30388012.969822247, "sample_persec": 185.1121647771823, "result_path": "result-partition-25MB/", "data_path": "25MB/205.pt"}