{"total_cpu_time (seconds)": 8.00322996000002, "total_cpu_memory (MB)": 17864.672524, "execution_time (seconds/batch)": 3.206301830610337, "num_batches": 3, "batch_size": 512, "device": "cpu", "throughput_bps": 26213976.238163657, "sample_persec": 159.68552776659146, "result_path": "result-partition-25MB/", "data_path": "25MB/110.pt"}