{"total_cpu_time (seconds)": 6.921326721999972, "total_cpu_memory (MB)": 17864.672524, "execution_time (seconds/batch)": 2.772863287687, "num_batches": 3, "batch_size": 512, "device": "cpu", "throughput_bps": 30311598.97901448, "sample_persec": 184.64667994039036, "result_path": "result-partition-25MB/", "data_path": "25MB/111.pt"}