{"total_cpu_time (seconds)": 7.480589814000007, "total_cpu_memory (MB)": 17864.672524, "execution_time (seconds/batch)": 2.9969186109295802, "num_batches": 3, "batch_size": 512, "device": "cpu", "throughput_bps": 28045446.31057882, "sample_persec": 170.84214370479302, "result_path": "result-partition-25MB/", "data_path": "25MB/118.pt"}