{"total_cpu_time (seconds)": 6.709344970999982, "total_cpu_memory (MB)": 17864.672524, "execution_time (seconds/batch)": 2.6879378913552356, "num_batches": 3, "batch_size": 512, "device": "cpu", "throughput_bps": 31269293.9335822, "sample_persec": 190.4805917006713, "result_path": "result-partition-25MB/", "data_path": "25MB/12.pt"}