{"total_cpu_time (seconds)": 14.231038776999993, "total_cpu_memory (MB)": 17864.672524, "execution_time (seconds/batch)": 5.701323829283252, "num_batches": 3, "batch_size": 512, "device": "cpu", "throughput_bps": 14742176.118518498, "sample_persec": 89.80370442567312, "result_path": "result-partition-25MB/", "data_path": "25MB/120.pt"}