{"total_cpu_time (seconds)": 6.874193364999977, "total_cpu_memory (MB)": 17864.672524, "execution_time (seconds/batch)": 2.7539804404381756, "num_batches": 3, "batch_size": 512, "device": "cpu", "throughput_bps": 30519432.442529306, "sample_persec": 185.91272199396508, "result_path": "result-partition-25MB/", "data_path": "25MB/125.pt"}