{"total_cpu_time (seconds)": 7.650838967000001, "total_cpu_memory (MB)": 17864.672524, "execution_time (seconds/batch)": 3.0651248443693278, "num_batches": 3, "batch_size": 512, "device": "cpu", "throughput_bps": 27421369.19949631, "sample_persec": 167.04050438289661, "result_path": "result-partition-25MB/", "data_path": "25MB/128.pt"}