{"total_cpu_time (seconds)": 7.181999017999999, "total_cpu_memory (MB)": 17864.672524, "execution_time (seconds/batch)": 2.8772953812331763, "num_batches": 3, "batch_size": 512, "device": "cpu", "throughput_bps": 29211432.565528657, "sample_persec": 177.94488648592016, "result_path": "result-partition-25MB/", "data_path": "25MB/130.pt"}