{"total_cpu_time (seconds)": 6.652790555000017, "total_cpu_memory (MB)": 17864.672524, "execution_time (seconds/batch)": 2.6652807231298974, "num_batches": 3, "batch_size": 512, "device": "cpu", "throughput_bps": 31535109.705554146, "sample_persec": 192.0998398242821, "result_path": "result-partition-25MB/", "data_path": "25MB/131.pt"}