{"total_cpu_time (seconds)": 6.878038285999982, "total_cpu_memory (MB)": 17864.672532, "execution_time (seconds/batch)": 2.755520815674484, "num_batches": 3, "batch_size": 512, "device": "cpu", "throughput_bps": 30502371.646728653, "sample_persec": 185.80879414430223, "result_path": "result-partition-25MB/", "data_path": "25MB/102.pt"}