{"total_cpu_time (seconds)": 8.863816657999996, "total_cpu_memory (MB)": 17864.672524, "execution_time (seconds/batch)": 3.55107521822848, "num_batches": 3, "batch_size": 512, "device": "cpu", "throughput_bps": 23668865.01546139, "sample_persec": 144.18168259905818, "result_path": "result-partition-25MB/", "data_path": "25MB/135.pt"}