{"total_cpu_time (seconds)": 6.575297663000022, "total_cpu_memory (MB)": 17864.672524, "execution_time (seconds/batch)": 2.634235057477317, "num_batches": 3, "batch_size": 512, "device": "cpu", "throughput_bps": 31906765.404789142, "sample_persec": 194.36382434691242, "result_path": "result-partition-25MB/", "data_path": "25MB/137.pt"}