{"total_cpu_time (seconds)": 7.174982535000004, "total_cpu_memory (MB)": 17864.672532, "execution_time (seconds/batch)": 2.874484395868546, "num_batches": 3, "batch_size": 512, "device": "cpu", "throughput_bps": 29239998.700568248, "sample_persec": 178.11890046642452, "result_path": "result-partition-25MB/", "data_path": "25MB/138.pt"}