{"total_cpu_time (seconds)": 7.338924403999997, "total_cpu_memory (MB)": 17864.672532, "execution_time (seconds/batch)": 2.9401637674866965, "num_batches": 3, "batch_size": 512, "device": "cpu", "throughput_bps": 28586815.78538305, "sample_persec": 174.13995970628076, "result_path": "result-partition-25MB/", "data_path": "25MB/140.pt"}