{"total_cpu_time (seconds)": 7.669079247999999, "total_cpu_memory (MB)": 17864.672524, "execution_time (seconds/batch)": 3.072432374785602, "num_batches": 3, "batch_size": 512, "device": "cpu", "throughput_bps": 27356149.703983348, "sample_persec": 166.64321213440147, "result_path": "result-partition-25MB/", "data_path": "25MB/142.pt"}