{"total_cpu_time (seconds)": 6.980843098000029, "total_cpu_memory (MB)": 17864.672524, "execution_time (seconds/batch)": 2.7967070940344403, "num_batches": 3, "batch_size": 512, "device": "cpu", "throughput_bps": 30053172.239339612, "sample_persec": 183.07244297843332, "result_path": "result-partition-25MB/", "data_path": "25MB/103.pt"}