{"total_cpu_time (seconds)": 8.376348184000003, "total_cpu_memory (MB)": 17864.672524, "execution_time (seconds/batch)": 3.35578268404382, "num_batches": 3, "batch_size": 512, "device": "cpu", "throughput_bps": 25046294.088006113, "sample_persec": 152.5724542398033, "result_path": "result-partition-25MB/", "data_path": "25MB/147.pt"}