{"total_cpu_time (seconds)": 7.510618317000013, "total_cpu_memory (MB)": 17864.672524, "execution_time (seconds/batch)": 3.008948809314559, "num_batches": 3, "batch_size": 512, "device": "cpu", "throughput_bps": 27933316.691800628, "sample_persec": 170.1590929081422, "result_path": "result-partition-25MB/", "data_path": "25MB/149.pt"}