{"total_cpu_time (seconds)": 6.898629140999967, "total_cpu_memory (MB)": 17864.672524, "execution_time (seconds/batch)": 2.7637700470985784, "num_batches": 3, "batch_size": 512, "device": "cpu", "throughput_bps": 30411328.933908988, "sample_persec": 185.25419672215514, "result_path": "result-partition-25MB/", "data_path": "25MB/150.pt"}