{"total_cpu_time (seconds)": 7.393328548000006, "total_cpu_memory (MB)": 17864.672524, "execution_time (seconds/batch)": 2.961959480888891, "num_batches": 3, "batch_size": 512, "device": "cpu", "throughput_bps": 28376458.402724814, "sample_persec": 172.85854290158878, "result_path": "result-partition-25MB/", "data_path": "25MB/104.pt"}