{"total_cpu_time (seconds)": 7.095382422000008, "total_cpu_memory (MB)": 17864.672532, "execution_time (seconds/batch)": 2.8425945227417873, "num_batches": 3, "batch_size": 512, "device": "cpu", "throughput_bps": 29568029.955581125, "sample_persec": 180.1171415422827, "result_path": "result-partition-25MB/", "data_path": "25MB/153.pt"}