{"total_cpu_time (seconds)": 9.731642815000017, "total_cpu_memory (MB)": 17864.672524, "execution_time (seconds/batch)": 3.898748921189365, "num_batches": 3, "batch_size": 512, "device": "cpu", "throughput_bps": 21558177.174014956, "sample_persec": 131.32417869161156, "result_path": "result-partition-25MB/", "data_path": "25MB/157.pt"}