{"total_cpu_time (seconds)": 7.77532319399998, "total_cpu_memory (MB)": 17864.672524, "execution_time (seconds/batch)": 3.1149964595680673, "num_batches": 3, "batch_size": 512, "device": "cpu", "throughput_bps": 26982348.484484173, "sample_persec": 164.3661579220527, "result_path": "result-partition-25MB/", "data_path": "25MB/16.pt"}