{"total_cpu_time (seconds)": 6.4524791609999745, "total_cpu_memory (MB)": 17864.672524, "execution_time (seconds/batch)": 2.5850307749859054, "num_batches": 3, "batch_size": 512, "device": "cpu", "throughput_bps": 32514088.734768845, "sample_persec": 198.06340603538527, "result_path": "result-partition-25MB/", "data_path": "25MB/169.pt"}