{"total_cpu_time (seconds)": 7.256991672999986, "total_cpu_memory (MB)": 17864.672524, "execution_time (seconds/batch)": 2.9073393869921698, "num_batches": 3, "batch_size": 512, "device": "cpu", "throughput_bps": 28909566.036923908, "sample_persec": 176.10603092668072, "result_path": "result-partition-25MB/", "data_path": "25MB/171.pt"}