{"total_cpu_time (seconds)": 7.826703714999997, "total_cpu_memory (MB)": 17864.672524, "execution_time (seconds/batch)": 3.1355808310485123, "num_batches": 3, "batch_size": 512, "device": "cpu", "throughput_bps": 26805215.53382963, "sample_persec": 163.28713166319218, "result_path": "result-partition-25MB/", "data_path": "25MB/174.pt"}