{"total_cpu_time (seconds)": 6.966360362000004, "total_cpu_memory (MB)": 17864.672524, "execution_time (seconds/batch)": 2.790904933759, "num_batches": 3, "batch_size": 512, "device": "cpu", "throughput_bps": 30115651.372902647, "sample_persec": 183.45304198892939, "result_path": "result-partition-25MB/", "data_path": "25MB/177.pt"}