{"total_cpu_time (seconds)": 6.931751980999986, "total_cpu_memory (MB)": 17864.672524, "execution_time (seconds/batch)": 2.77703991727073, "num_batches": 3, "batch_size": 512, "device": "cpu", "throughput_bps": 30266010.753854815, "sample_persec": 184.3689738904411, "result_path": "result-partition-25MB/", "data_path": "25MB/178.pt"}