{"total_cpu_time (seconds)": 7.269554587000017, "total_cpu_memory (MB)": 17864.672524, "execution_time (seconds/batch)": 2.912372416701102, "num_batches": 3, "batch_size": 512, "device": "cpu", "throughput_bps": 28859605.838186342, "sample_persec": 175.80169248407861, "result_path": "result-partition-25MB/", "data_path": "25MB/107.pt"}