{"total_cpu_time (seconds)": 6.856078346000014, "total_cpu_memory (MB)": 17864.672524, "execution_time (seconds/batch)": 2.7467230932331823, "num_batches": 3, "batch_size": 512, "device": "cpu", "throughput_bps": 30600070.391902663, "sample_persec": 186.40393757250646, "result_path": "result-partition-25MB/", "data_path": "25MB/182.pt"}