{"total_cpu_time (seconds)": 6.92198363300003, "total_cpu_memory (MB)": 17864.672524, "execution_time (seconds/batch)": 2.7731264632989165, "num_batches": 3, "batch_size": 512, "device": "cpu", "throughput_bps": 30308722.343666237, "sample_persec": 184.6291565769142, "result_path": "result-partition-25MB/", "data_path": "25MB/184.pt"}