{"total_cpu_time (seconds)": 7.8285450420000045, "total_cpu_memory (MB)": 17864.672524, "execution_time (seconds/batch)": 3.136318514478875, "num_batches": 3, "batch_size": 512, "device": "cpu", "throughput_bps": 26798910.764956404, "sample_persec": 163.24872542005608, "result_path": "result-partition-25MB/", "data_path": "25MB/189.pt"}