{"total_cpu_time (seconds)": 6.661401096999984, "total_cpu_memory (MB)": 17864.672524, "execution_time (seconds/batch)": 2.6687303299405256, "num_batches": 3, "batch_size": 512, "device": "cpu", "throughput_bps": 31494347.352013312, "sample_persec": 191.85153114043197, "result_path": "result-partition-25MB/", "data_path": "25MB/1.pt"}