{"total_cpu_time (seconds)": 7.423856426000011, "total_cpu_memory (MB)": 17864.672524, "execution_time (seconds/batch)": 2.9741897418716787, "num_batches": 3, "batch_size": 512, "device": "cpu", "throughput_bps": 28259770.658447225, "sample_persec": 172.1477257459017, "result_path": "result-partition-25MB/", "data_path": "25MB/100.pt"}