{"total_cpu_time (seconds)": 7.241303480999973, "total_cpu_memory (MB)": 17864.672524, "execution_time (seconds/batch)": 2.9010542897276888, "num_batches": 3, "batch_size": 512, "device": "cpu", "throughput_bps": 28972198.244483545, "sample_persec": 176.4875624054797, "result_path": "result-partition-25MB/", "data_path": "25MB/101.pt"}