{"total_cpu_time (seconds)": 6.970231135000004, "total_cpu_memory (MB)": 17864.672524, "execution_time (seconds/batch)": 2.7924556659780926, "num_batches": 3, "batch_size": 512, "device": "cpu", "throughput_bps": 30098927.271799844, "sample_persec": 183.35116515472615, "result_path": "result-partition-25MB/", "data_path": "25MB/103.pt"}