{"total_cpu_time (seconds)": 8.032110683000004, "total_cpu_memory (MB)": 17864.672524, "execution_time (seconds/batch)": 3.217872198510174, "num_batches": 3, "batch_size": 512, "device": "cpu", "throughput_bps": 26119719.74490281, "sample_persec": 159.11135322187383, "result_path": "result-partition-25MB/", "data_path": "25MB/109.pt"}