{"total_cpu_time (seconds)": 6.478832082000012, "total_cpu_memory (MB)": 17864.672524, "execution_time (seconds/batch)": 2.595588439737094, "num_batches": 3, "batch_size": 512, "device": "cpu", "throughput_bps": 32381836.31628186, "sample_persec": 197.2577748311517, "result_path": "result-partition-25MB/", "data_path": "25MB/11.pt"}