{"total_cpu_time (seconds)": 7.014354011000003, "total_cpu_memory (MB)": 17864.672492, "execution_time (seconds/batch)": 2.8101324363317692, "num_batches": 3, "batch_size": 512, "device": "cpu", "throughput_bps": 29909593.908575814, "sample_persec": 182.1978186438585, "result_path": "result-partition-25MB/", "data_path": "25MB/111.pt"}