{"total_cpu_time (seconds)": 7.449761822999998, "total_cpu_memory (MB)": 17864.672524, "execution_time (seconds/batch)": 2.9845681168826284, "num_batches": 3, "batch_size": 512, "device": "cpu", "throughput_bps": 28161501.66738023, "sample_persec": 171.5491085975891, "result_path": "result-partition-25MB/", "data_path": "25MB/113.pt"}