{"total_cpu_time (seconds)": 6.657488599999966, "total_cpu_memory (MB)": 17864.672524, "execution_time (seconds/batch)": 2.667162882003116, "num_batches": 3, "batch_size": 512, "device": "cpu", "throughput_bps": 31512856.06407213, "sample_persec": 191.96427914273957, "result_path": "result-partition-25MB/", "data_path": "25MB/114.pt"}