{"total_cpu_time (seconds)": 7.6641266759999755, "total_cpu_memory (MB)": 17864.672524, "execution_time (seconds/batch)": 3.0704482457840276, "num_batches": 3, "batch_size": 512, "device": "cpu", "throughput_bps": 27373827.295544647, "sample_persec": 166.75089726818132, "result_path": "result-partition-25MB/", "data_path": "25MB/115.pt"}