{"total_cpu_time (seconds)": 7.4574312989999845, "total_cpu_memory (MB)": 17864.672524, "execution_time (seconds/batch)": 2.9876407082065666, "num_batches": 3, "batch_size": 512, "device": "cpu", "throughput_bps": 28132539.421198957, "sample_persec": 171.37268165935038, "result_path": "result-partition-25MB/", "data_path": "25MB/100.pt"}