{"total_cpu_time (seconds)": 7.857337051000034, "total_cpu_memory (MB)": 17864.672524, "execution_time (seconds/batch)": 3.14785334124571, "num_batches": 3, "batch_size": 512, "device": "cpu", "throughput_bps": 26700710.258229077, "sample_persec": 162.65052545217517, "result_path": "result-partition-25MB/", "data_path": "25MB/12.pt"}