{"total_cpu_time (seconds)": 6.909015867, "total_cpu_memory (MB)": 17864.672524, "execution_time (seconds/batch)": 2.7679312393615025, "num_batches": 3, "batch_size": 512, "device": "cpu", "throughput_bps": 30365609.811675947, "sample_persec": 184.97569329724627, "result_path": "result-partition-25MB/", "data_path": "25MB/122.pt"}