{"total_cpu_time (seconds)": 8.483069111000017, "total_cpu_memory (MB)": 17864.672524, "execution_time (seconds/batch)": 3.3985378598059537, "num_batches": 3, "batch_size": 512, "device": "cpu", "throughput_bps": 24731200.14169829, "sample_persec": 150.65302230566698, "result_path": "result-partition-25MB/", "data_path": "25MB/125.pt"}