{"total_cpu_time (seconds)": 6.950857478999989, "total_cpu_memory (MB)": 17864.672524, "execution_time (seconds/batch)": 2.7846940760938925, "num_batches": 3, "batch_size": 512, "device": "cpu", "throughput_bps": 30182819.98067714, "sample_persec": 183.8622074846317, "result_path": "result-partition-25MB/", "data_path": "25MB/101.pt"}