{"total_cpu_time (seconds)": 6.798924218999982, "total_cpu_memory (MB)": 17864.672524, "execution_time (seconds/batch)": 2.7238256652018706, "num_batches": 3, "batch_size": 512, "device": "cpu", "throughput_bps": 30857305.25039708, "sample_persec": 187.9709140496898, "result_path": "result-partition-25MB/", "data_path": "25MB/102.pt"}