{"total_cpu_time (seconds)": 8.966077798999985, "total_cpu_memory (MB)": 17864.672524, "execution_time (seconds/batch)": 3.5920436878622786, "num_batches": 3, "batch_size": 512, "device": "cpu", "throughput_bps": 23398913.627918694, "sample_persec": 142.53724188546963, "result_path": "result-partition-25MB/", "data_path": "25MB/139.pt"}