{"total_cpu_time (seconds)": 8.662253082000014, "total_cpu_memory (MB)": 17864.672532, "execution_time (seconds/batch)": 3.470323613446015, "num_batches": 3, "batch_size": 512, "device": "cpu", "throughput_bps": 24219620.23205635, "sample_persec": 147.53667295355964, "result_path": "result-partition-25MB/", "data_path": "25MB/140.pt"}