{"total_cpu_time (seconds)": 7.002811125999999, "total_cpu_memory (MB)": 17864.672524, "execution_time (seconds/batch)": 2.805508056738654, "num_batches": 3, "batch_size": 512, "device": "cpu", "throughput_bps": 29958894.53894719, "sample_persec": 182.49813924797266, "result_path": "result-partition-25MB/", "data_path": "25MB/143.pt"}