{"total_cpu_time (seconds)": 8.060948274999996, "total_cpu_memory (MB)": 17864.672524, "execution_time (seconds/batch)": 3.2294252870109528, "num_batches": 3, "batch_size": 512, "device": "cpu", "throughput_bps": 26026277.907111384, "sample_persec": 158.54214124702352, "result_path": "result-partition-25MB/", "data_path": "25MB/144.pt"}