{"total_cpu_time (seconds)": 6.579632718000015, "total_cpu_memory (MB)": 17864.672524, "execution_time (seconds/batch)": 2.6359717931267665, "num_batches": 3, "batch_size": 512, "device": "cpu", "throughput_bps": 31885743.32212437, "sample_persec": 194.23576585114748, "result_path": "result-partition-25MB/", "data_path": "25MB/149.pt"}