{"total_cpu_time (seconds)": 7.253904572999999, "total_cpu_memory (MB)": 17864.672524, "execution_time (seconds/batch)": 2.906102614535211, "num_batches": 3, "batch_size": 512, "device": "cpu", "throughput_bps": 28921869.303449415, "sample_persec": 176.18097772569087, "result_path": "result-partition-25MB/", "data_path": "25MB/150.pt"}