{"total_cpu_time (seconds)": 6.81949762499999, "total_cpu_memory (MB)": 17864.672524, "execution_time (seconds/batch)": 2.7320679061032824, "num_batches": 3, "batch_size": 512, "device": "cpu", "throughput_bps": 30764213.368283167, "sample_persec": 187.40383387112067, "result_path": "result-partition-25MB/", "data_path": "25MB/104.pt"}