{"total_cpu_time (seconds)": 7.257532777999956, "total_cpu_memory (MB)": 17864.672524, "execution_time (seconds/batch)": 2.9075561677120327, "num_batches": 3, "batch_size": 512, "device": "cpu", "throughput_bps": 28907410.60597953, "sample_persec": 176.09290086488502, "result_path": "result-partition-25MB/", "data_path": "25MB/155.pt"}