{"total_cpu_time (seconds)": 5.933482382999992, "total_cpu_memory (MB)": 17864.672524, "execution_time (seconds/batch)": 2.3771071831737056, "num_batches": 3, "batch_size": 512, "device": "cpu", "throughput_bps": 35358069.08285216, "sample_persec": 215.38784772692594, "result_path": "result-partition-25MB/", "data_path": "25MB/156.pt"}