{"total_cpu_time (seconds)": 6.913026936000016, "total_cpu_memory (MB)": 17864.672524, "execution_time (seconds/batch)": 2.769538177802823, "num_batches": 3, "batch_size": 512, "device": "cpu", "throughput_bps": 30347991.11044568, "sample_persec": 184.86836690086304, "result_path": "result-partition-25MB/", "data_path": "25MB/164.pt"}