{"total_cpu_time (seconds)": 7.6386451750000015, "total_cpu_memory (MB)": 17864.672524, "execution_time (seconds/batch)": 3.0602396945226924, "num_batches": 3, "batch_size": 512, "device": "cpu", "throughput_bps": 27465142.73062827, "sample_persec": 167.30715601016246, "result_path": "result-partition-25MB/", "data_path": "25MB/167.pt"}