{"total_cpu_time (seconds)": 6.93461998599997, "total_cpu_memory (MB)": 17864.672524, "execution_time (seconds/batch)": 2.778188914579018, "num_batches": 3, "batch_size": 512, "device": "cpu", "throughput_bps": 30253493.403178517, "sample_persec": 184.29272297257867, "result_path": "result-partition-25MB/", "data_path": "25MB/168.pt"}