{"total_cpu_time (seconds)": 12.053502947999919, "total_cpu_memory (MB)": 17864.672524, "execution_time (seconds/batch)": 4.828946407962409, "num_batches": 3, "batch_size": 512, "device": "cpu", "throughput_bps": 17405436.48639604, "sample_persec": 106.02726904481018, "result_path": "result-partition-25MB/", "data_path": "25MB/1.pt"}