{"total_cpu_time (seconds)": 7.208196504000021, "total_cpu_memory (MB)": 17864.672524, "execution_time (seconds/batch)": 2.8877907746854548, "num_batches": 3, "batch_size": 512, "device": "cpu", "throughput_bps": 29105266.4676356, "sample_persec": 177.29816318004143, "result_path": "result-partition-25MB/", "data_path": "25MB/10.pt"}