{"total_cpu_time (seconds)": 7.48273590100002, "total_cpu_memory (MB)": 17864.672524, "execution_time (seconds/batch)": 2.9977783891330283, "num_batches": 3, "batch_size": 512, "device": "cpu", "throughput_bps": 28037402.732864328, "sample_persec": 170.79314530253612, "result_path": "result-partition-25MB/", "data_path": "25MB/108.pt"}