{"total_cpu_time (seconds)": 6.758825766000036, "total_cpu_memory (MB)": 17864.672524, "execution_time (seconds/batch)": 2.7077611832488406, "num_batches": 3, "batch_size": 512, "device": "cpu", "throughput_bps": 31040374.062514175, "sample_persec": 189.0860993086877, "result_path": "result-partition-25MB/", "data_path": "25MB/109.pt"}