{"total_cpu_time (seconds)": 6.369859412000008, "total_cpu_memory (MB)": 17864.672524, "execution_time (seconds/batch)": 2.55193115723318, "num_batches": 3, "batch_size": 512, "device": "cpu", "throughput_bps": 32935810.106698744, "sample_persec": 200.63237150766778, "result_path": "result-partition-25MB/", "data_path": "25MB/111.pt"}