{"total_cpu_time (seconds)": 6.668976991999994, "total_cpu_memory (MB)": 17864.672524, "execution_time (seconds/batch)": 2.6717654302848177, "num_batches": 3, "batch_size": 512, "device": "cpu", "throughput_bps": 31458570.070292454, "sample_persec": 191.6335896094813, "result_path": "result-partition-25MB/", "data_path": "25MB/100.pt"}