{"total_cpu_time (seconds)": 6.408322999999992, "total_cpu_memory (MB)": 17864.672524, "execution_time (seconds/batch)": 2.567340669796554, "num_batches": 3, "batch_size": 512, "device": "cpu", "throughput_bps": 32738125.091385104, "sample_persec": 199.42814992315488, "result_path": "result-partition-25MB/", "data_path": "25MB/117.pt"}