{"total_cpu_time (seconds)": 6.464158171999979, "total_cpu_memory (MB)": 17864.672524, "execution_time (seconds/batch)": 2.5897096901909147, "num_batches": 3, "batch_size": 512, "device": "cpu", "throughput_bps": 32455344.442026548, "sample_persec": 197.70555824821238, "result_path": "result-partition-25MB/", "data_path": "25MB/119.pt"}