{"total_cpu_time (seconds)": 7.051224609999955, "total_cpu_memory (MB)": 17864.672524, "execution_time (seconds/batch)": 2.8249037561189176, "num_batches": 3, "batch_size": 512, "device": "cpu", "throughput_bps": 29753197.72149498, "sample_persec": 181.245112825871, "result_path": "result-partition-25MB/", "data_path": "25MB/121.pt"}