{"total_cpu_time (seconds)": 6.705670988999991, "total_cpu_memory (MB)": 17864.672524, "execution_time (seconds/batch)": 2.686465998723001, "num_batches": 3, "batch_size": 512, "device": "cpu", "throughput_bps": 31286426.12262829, "sample_persec": 190.5849544507084, "result_path": "result-partition-25MB/", "data_path": "25MB/125.pt"}