{"total_cpu_time (seconds)": 9.302826839000005, "total_cpu_memory (MB)": 17864.541452, "execution_time (seconds/batch)": 3.7269541013834138, "num_batches": 3, "batch_size": 512, "device": "cpu", "throughput_bps": 22551906.386183128, "sample_persec": 137.37759738171982, "result_path": "result-partition-25MB/", "data_path": "25MB/101.pt"}