{"total_cpu_time (seconds)": 6.85795725100001, "total_cpu_memory (MB)": 17864.672524, "execution_time (seconds/batch)": 2.7474758313865455, "num_batches": 3, "batch_size": 512, "device": "cpu", "throughput_bps": 30591686.754741438, "sample_persec": 186.35286765802533, "result_path": "result-partition-25MB/", "data_path": "25MB/126.pt"}