{"total_cpu_time (seconds)": 6.3177718850000035, "total_cpu_memory (MB)": 17864.672524, "execution_time (seconds/batch)": 2.531063540782474, "num_batches": 3, "batch_size": 512, "device": "cpu", "throughput_bps": 33207352.8166014, "sample_persec": 202.2865059490826, "result_path": "result-partition-25MB/", "data_path": "25MB/131.pt"}