{"total_cpu_time (seconds)": 6.423099300999992, "total_cpu_memory (MB)": 17864.672524, "execution_time (seconds/batch)": 2.5732604398372425, "num_batches": 3, "batch_size": 512, "device": "cpu", "throughput_bps": 32662811.233097, "sample_persec": 198.96936667334916, "result_path": "result-partition-25MB/", "data_path": "25MB/132.pt"}