{"total_cpu_time (seconds)": 6.6809418419999975, "total_cpu_memory (MB)": 17864.672524, "execution_time (seconds/batch)": 2.6765588600187784, "num_batches": 3, "batch_size": 512, "device": "cpu", "throughput_bps": 31402231.146678507, "sample_persec": 191.29039441202795, "result_path": "result-partition-25MB/", "data_path": "25MB/133.pt"}