{"total_cpu_time (seconds)": 6.723981874000017, "total_cpu_memory (MB)": 17864.672524, "execution_time (seconds/batch)": 2.693801814935844, "num_batches": 3, "batch_size": 512, "device": "cpu", "throughput_bps": 31201226.286946334, "sample_persec": 190.06594960371794, "result_path": "result-partition-25MB/", "data_path": "25MB/106.pt"}